,subj,unique_img,object_response,category
0,deocder_0,airplane1.png,bicycle,airplane
1,deocder_0,airplane10.png,knife,airplane
2,deocder_0,airplane2.png,knife,airplane
3,deocder_0,airplane3.png,airplane,airplane
4,deocder_0,airplane4.png,airplane,airplane
5,deocder_0,airplane5.png,airplane,airplane
6,deocder_0,airplane6.png,airplane,airplane
7,deocder_0,airplane7.png,airplane,airplane
8,deocder_0,airplane8.png,airplane,airplane
9,deocder_0,airplane9.png,keyboard,airplane
10,deocder_0,bear1.png,bear,bear
11,deocder_0,bear10.png,bird,bear
12,deocder_0,bear2.png,bear,bear
13,deocder_0,bear3.png,elephant,bear
14,deocder_0,bear4.png,cat,bear
15,deocder_0,bear5.png,dog,bear
16,deocder_0,bear6.png,keyboard,bear
17,deocder_0,bear7.png,elephant,bear
18,deocder_0,bear8.png,elephant,bear
19,deocder_0,bear9.png,elephant,bear
20,deocder_0,bicycle1.png,bicycle,bicycle
21,deocder_0,bicycle10.png,cat,bicycle
22,deocder_0,bicycle2.png,bicycle,bicycle
23,deocder_0,bicycle3.png,bicycle,bicycle
24,deocder_0,bicycle4.png,bicycle,bicycle
25,deocder_0,bicycle5.png,bicycle,bicycle
26,deocder_0,bicycle6.png,bicycle,bicycle
27,deocder_0,bicycle7.png,bicycle,bicycle
28,deocder_0,bicycle8.png,bicycle,bicycle
29,deocder_0,bicycle9.png,bicycle,bicycle
30,deocder_0,bird1.png,cat,bird
31,deocder_0,bird10.png,dog,bird
32,deocder_0,bird2.png,elephant,bird
33,deocder_0,bird3.png,cat,bird
34,deocder_0,bird4.png,cat,bird
35,deocder_0,bird5.png,bird,bird
36,deocder_0,bird6.png,bear,bird
37,deocder_0,bird7.png,clock,bird
38,deocder_0,bird8.png,cat,bird
39,deocder_0,bird9.png,bird,bird
40,deocder_0,boat1.png,keyboard,boat
41,deocder_0,boat10.png,car,boat
42,deocder_0,boat2.png,boat,boat
43,deocder_0,boat3.png,keyboard,boat
44,deocder_0,boat4.png,boat,boat
45,deocder_0,boat5.png,bicycle,boat
46,deocder_0,boat6.png,boat,boat
47,deocder_0,boat7.png,bottle,boat
48,deocder_0,boat8.png,boat,boat
49,deocder_0,boat9.png,truck,boat
50,deocder_0,bottle1.png,bottle,bottle
51,deocder_0,bottle10.png,bottle,bottle
52,deocder_0,bottle2.png,bottle,bottle
53,deocder_0,bottle3.png,bottle,bottle
54,deocder_0,bottle4.png,boat,bottle
55,deocder_0,bottle5.png,bicycle,bottle
56,deocder_0,bottle6.png,airplane,bottle
57,deocder_0,bottle7.png,bottle,bottle
58,deocder_0,bottle8.png,bottle,bottle
59,deocder_0,bottle9.png,bottle,bottle
60,deocder_0,car1.png,car,car
61,deocder_0,car10.png,bird,car
62,deocder_0,car2.png,car,car
63,deocder_0,car3.png,car,car
64,deocder_0,car4.png,bird,car
65,deocder_0,car5.png,truck,car
66,deocder_0,car6.png,oven,car
67,deocder_0,car7.png,car,car
68,deocder_0,car8.png,car,car
69,deocder_0,car9.png,car,car
70,deocder_0,cat1.png,cat,cat
71,deocder_0,cat10.png,dog,cat
72,deocder_0,cat2.png,cat,cat
73,deocder_0,cat3.png,cat,cat
74,deocder_0,cat4.png,cat,cat
75,deocder_0,cat5.png,bear,cat
76,deocder_0,cat6.png,cat,cat
77,deocder_0,cat7.png,elephant,cat
78,deocder_0,cat8.png,dog,cat
79,deocder_0,cat9.png,cat,cat
80,deocder_0,chair1.png,chair,chair
81,deocder_0,chair10.png,chair,chair
82,deocder_0,chair2.png,keyboard,chair
83,deocder_0,chair3.png,chair,chair
84,deocder_0,chair4.png,chair,chair
85,deocder_0,chair5.png,bottle,chair
86,deocder_0,chair6.png,chair,chair
87,deocder_0,chair7.png,oven,chair
88,deocder_0,chair8.png,chair,chair
89,deocder_0,chair9.png,bicycle,chair
90,deocder_0,clock1.png,truck,clock
91,deocder_0,clock10.png,dog,clock
92,deocder_0,clock2.png,clock,clock
93,deocder_0,clock3.png,clock,clock
94,deocder_0,clock4.png,clock,clock
95,deocder_0,clock5.png,clock,clock
96,deocder_0,clock6.png,clock,clock
97,deocder_0,clock7.png,oven,clock
98,deocder_0,clock8.png,clock,clock
99,deocder_0,clock9.png,clock,clock
100,deocder_0,dog1.png,bear,dog
101,deocder_0,dog10.png,dog,dog
102,deocder_0,dog2.png,dog,dog
103,deocder_0,dog3.png,dog,dog
104,deocder_0,dog4.png,bird,dog
105,deocder_0,dog5.png,dog,dog
106,deocder_0,dog6.png,dog,dog
107,deocder_0,dog7.png,bear,dog
108,deocder_0,dog8.png,bear,dog
109,deocder_0,dog9.png,cat,dog
110,deocder_0,elephant1.png,dog,elephant
111,deocder_0,elephant10.png,car,elephant
112,deocder_0,elephant2.png,bear,elephant
113,deocder_0,elephant3.png,elephant,elephant
114,deocder_0,elephant4.png,elephant,elephant
115,deocder_0,elephant5.png,car,elephant
116,deocder_0,elephant6.png,bear,elephant
117,deocder_0,elephant7.png,bear,elephant
118,deocder_0,elephant8.png,bicycle,elephant
119,deocder_0,elephant9.png,elephant,elephant
120,deocder_0,keyboard1.png,keyboard,keyboard
121,deocder_0,keyboard10.png,knife,keyboard
122,deocder_0,keyboard2.png,keyboard,keyboard
123,deocder_0,keyboard3.png,keyboard,keyboard
124,deocder_0,keyboard4.png,keyboard,keyboard
125,deocder_0,keyboard5.png,keyboard,keyboard
126,deocder_0,keyboard6.png,keyboard,keyboard
127,deocder_0,keyboard7.png,keyboard,keyboard
128,deocder_0,keyboard8.png,boat,keyboard
129,deocder_0,keyboard9.png,keyboard,keyboard
130,deocder_0,knife1.png,knife,knife
131,deocder_0,knife10.png,knife,knife
132,deocder_0,knife2.png,knife,knife
133,deocder_0,knife3.png,knife,knife
134,deocder_0,knife4.png,knife,knife
135,deocder_0,knife5.png,knife,knife
136,deocder_0,knife6.png,knife,knife
137,deocder_0,knife7.png,knife,knife
138,deocder_0,knife8.png,knife,knife
139,deocder_0,knife9.png,knife,knife
140,deocder_0,oven1.png,oven,oven
141,deocder_0,oven10.png,oven,oven
142,deocder_0,oven2.png,oven,oven
143,deocder_0,oven3.png,oven,oven
144,deocder_0,oven4.png,chair,oven
145,deocder_0,oven5.png,cat,oven
146,deocder_0,oven6.png,dog,oven
147,deocder_0,oven7.png,chair,oven
148,deocder_0,oven8.png,oven,oven
149,deocder_0,oven9.png,cat,oven
150,deocder_0,truck1.png,truck,truck
151,deocder_0,truck10.png,car,truck
152,deocder_0,truck2.png,truck,truck
153,deocder_0,truck3.png,truck,truck
154,deocder_0,truck4.png,car,truck
155,deocder_0,truck5.png,dog,truck
156,deocder_0,truck6.png,car,truck
157,deocder_0,truck7.png,clock,truck
158,deocder_0,truck8.png,dog,truck
159,deocder_0,truck9.png,truck,truck
160,deocder_1,airplane1.png,bicycle,airplane
161,deocder_1,airplane10.png,knife,airplane
162,deocder_1,airplane2.png,knife,airplane
163,deocder_1,airplane3.png,airplane,airplane
164,deocder_1,airplane4.png,airplane,airplane
165,deocder_1,airplane5.png,airplane,airplane
166,deocder_1,airplane6.png,bird,airplane
167,deocder_1,airplane7.png,airplane,airplane
168,deocder_1,airplane8.png,airplane,airplane
169,deocder_1,airplane9.png,keyboard,airplane
170,deocder_1,bear1.png,elephant,bear
171,deocder_1,bear10.png,bicycle,bear
172,deocder_1,bear2.png,bear,bear
173,deocder_1,bear3.png,elephant,bear
174,deocder_1,bear4.png,cat,bear
175,deocder_1,bear5.png,dog,bear
176,deocder_1,bear6.png,keyboard,bear
177,deocder_1,bear7.png,elephant,bear
178,deocder_1,bear8.png,elephant,bear
179,deocder_1,bear9.png,elephant,bear
180,deocder_1,bicycle1.png,bicycle,bicycle
181,deocder_1,bicycle10.png,cat,bicycle
182,deocder_1,bicycle2.png,bicycle,bicycle
183,deocder_1,bicycle3.png,bicycle,bicycle
184,deocder_1,bicycle4.png,bicycle,bicycle
185,deocder_1,bicycle5.png,bicycle,bicycle
186,deocder_1,bicycle6.png,bicycle,bicycle
187,deocder_1,bicycle7.png,bicycle,bicycle
188,deocder_1,bicycle8.png,bicycle,bicycle
189,deocder_1,bicycle9.png,bicycle,bicycle
190,deocder_1,bird1.png,cat,bird
191,deocder_1,bird10.png,dog,bird
192,deocder_1,bird2.png,elephant,bird
193,deocder_1,bird3.png,cat,bird
194,deocder_1,bird4.png,cat,bird
195,deocder_1,bird5.png,bird,bird
196,deocder_1,bird6.png,bear,bird
197,deocder_1,bird7.png,clock,bird
198,deocder_1,bird8.png,bird,bird
199,deocder_1,bird9.png,bird,bird
200,deocder_1,boat1.png,keyboard,boat
201,deocder_1,boat10.png,car,boat
202,deocder_1,boat2.png,boat,boat
203,deocder_1,boat3.png,keyboard,boat
204,deocder_1,boat4.png,boat,boat
205,deocder_1,boat5.png,bicycle,boat
206,deocder_1,boat6.png,boat,boat
207,deocder_1,boat7.png,bottle,boat
208,deocder_1,boat8.png,boat,boat
209,deocder_1,boat9.png,bottle,boat
210,deocder_1,bottle1.png,bottle,bottle
211,deocder_1,bottle10.png,bottle,bottle
212,deocder_1,bottle2.png,bottle,bottle
213,deocder_1,bottle3.png,bottle,bottle
214,deocder_1,bottle4.png,boat,bottle
215,deocder_1,bottle5.png,bicycle,bottle
216,deocder_1,bottle6.png,airplane,bottle
217,deocder_1,bottle7.png,bottle,bottle
218,deocder_1,bottle8.png,bottle,bottle
219,deocder_1,bottle9.png,bottle,bottle
220,deocder_1,car1.png,car,car
221,deocder_1,car10.png,bird,car
222,deocder_1,car2.png,car,car
223,deocder_1,car3.png,car,car
224,deocder_1,car4.png,bird,car
225,deocder_1,car5.png,truck,car
226,deocder_1,car6.png,oven,car
227,deocder_1,car7.png,car,car
228,deocder_1,car8.png,car,car
229,deocder_1,car9.png,car,car
230,deocder_1,cat1.png,cat,cat
231,deocder_1,cat10.png,cat,cat
232,deocder_1,cat2.png,cat,cat
233,deocder_1,cat3.png,cat,cat
234,deocder_1,cat4.png,cat,cat
235,deocder_1,cat5.png,bear,cat
236,deocder_1,cat6.png,cat,cat
237,deocder_1,cat7.png,elephant,cat
238,deocder_1,cat8.png,dog,cat
239,deocder_1,cat9.png,cat,cat
240,deocder_1,chair1.png,chair,chair
241,deocder_1,chair10.png,chair,chair
242,deocder_1,chair2.png,keyboard,chair
243,deocder_1,chair3.png,chair,chair
244,deocder_1,chair4.png,chair,chair
245,deocder_1,chair5.png,bottle,chair
246,deocder_1,chair6.png,chair,chair
247,deocder_1,chair7.png,oven,chair
248,deocder_1,chair8.png,chair,chair
249,deocder_1,chair9.png,bicycle,chair
250,deocder_1,clock1.png,boat,clock
251,deocder_1,clock10.png,dog,clock
252,deocder_1,clock2.png,clock,clock
253,deocder_1,clock3.png,clock,clock
254,deocder_1,clock4.png,clock,clock
255,deocder_1,clock5.png,clock,clock
256,deocder_1,clock6.png,clock,clock
257,deocder_1,clock7.png,oven,clock
258,deocder_1,clock8.png,clock,clock
259,deocder_1,clock9.png,clock,clock
260,deocder_1,dog1.png,elephant,dog
261,deocder_1,dog10.png,cat,dog
262,deocder_1,dog2.png,bear,dog
263,deocder_1,dog3.png,dog,dog
264,deocder_1,dog4.png,cat,dog
265,deocder_1,dog5.png,dog,dog
266,deocder_1,dog6.png,dog,dog
267,deocder_1,dog7.png,bear,dog
268,deocder_1,dog8.png,bear,dog
269,deocder_1,dog9.png,bottle,dog
270,deocder_1,elephant1.png,dog,elephant
271,deocder_1,elephant10.png,car,elephant
272,deocder_1,elephant2.png,bear,elephant
273,deocder_1,elephant3.png,elephant,elephant
274,deocder_1,elephant4.png,elephant,elephant
275,deocder_1,elephant5.png,elephant,elephant
276,deocder_1,elephant6.png,elephant,elephant
277,deocder_1,elephant7.png,bear,elephant
278,deocder_1,elephant8.png,bicycle,elephant
279,deocder_1,elephant9.png,bear,elephant
280,deocder_1,keyboard1.png,keyboard,keyboard
281,deocder_1,keyboard10.png,knife,keyboard
282,deocder_1,keyboard2.png,keyboard,keyboard
283,deocder_1,keyboard3.png,keyboard,keyboard
284,deocder_1,keyboard4.png,keyboard,keyboard
285,deocder_1,keyboard5.png,keyboard,keyboard
286,deocder_1,keyboard6.png,keyboard,keyboard
287,deocder_1,keyboard7.png,keyboard,keyboard
288,deocder_1,keyboard8.png,boat,keyboard
289,deocder_1,keyboard9.png,keyboard,keyboard
290,deocder_1,knife1.png,knife,knife
291,deocder_1,knife10.png,knife,knife
292,deocder_1,knife2.png,knife,knife
293,deocder_1,knife3.png,knife,knife
294,deocder_1,knife4.png,knife,knife
295,deocder_1,knife5.png,knife,knife
296,deocder_1,knife6.png,knife,knife
297,deocder_1,knife7.png,airplane,knife
298,deocder_1,knife8.png,knife,knife
299,deocder_1,knife9.png,knife,knife
300,deocder_1,oven1.png,oven,oven
301,deocder_1,oven10.png,oven,oven
302,deocder_1,oven2.png,oven,oven
303,deocder_1,oven3.png,oven,oven
304,deocder_1,oven4.png,chair,oven
305,deocder_1,oven5.png,boat,oven
306,deocder_1,oven6.png,cat,oven
307,deocder_1,oven7.png,chair,oven
308,deocder_1,oven8.png,oven,oven
309,deocder_1,oven9.png,cat,oven
310,deocder_1,truck1.png,truck,truck
311,deocder_1,truck10.png,elephant,truck
312,deocder_1,truck2.png,truck,truck
313,deocder_1,truck3.png,truck,truck
314,deocder_1,truck4.png,elephant,truck
315,deocder_1,truck5.png,dog,truck
316,deocder_1,truck6.png,car,truck
317,deocder_1,truck7.png,truck,truck
318,deocder_1,truck8.png,dog,truck
319,deocder_1,truck9.png,truck,truck
320,deocder_2,airplane1.png,bicycle,airplane
321,deocder_2,airplane10.png,knife,airplane
322,deocder_2,airplane2.png,knife,airplane
323,deocder_2,airplane3.png,airplane,airplane
324,deocder_2,airplane4.png,airplane,airplane
325,deocder_2,airplane5.png,airplane,airplane
326,deocder_2,airplane6.png,airplane,airplane
327,deocder_2,airplane7.png,airplane,airplane
328,deocder_2,airplane8.png,airplane,airplane
329,deocder_2,airplane9.png,airplane,airplane
330,deocder_2,bear1.png,elephant,bear
331,deocder_2,bear10.png,bicycle,bear
332,deocder_2,bear2.png,bear,bear
333,deocder_2,bear3.png,elephant,bear
334,deocder_2,bear4.png,cat,bear
335,deocder_2,bear5.png,dog,bear
336,deocder_2,bear6.png,keyboard,bear
337,deocder_2,bear7.png,elephant,bear
338,deocder_2,bear8.png,elephant,bear
339,deocder_2,bear9.png,elephant,bear
340,deocder_2,bicycle1.png,bicycle,bicycle
341,deocder_2,bicycle10.png,bear,bicycle
342,deocder_2,bicycle2.png,bicycle,bicycle
343,deocder_2,bicycle3.png,bicycle,bicycle
344,deocder_2,bicycle4.png,bicycle,bicycle
345,deocder_2,bicycle5.png,bicycle,bicycle
346,deocder_2,bicycle6.png,bicycle,bicycle
347,deocder_2,bicycle7.png,bicycle,bicycle
348,deocder_2,bicycle8.png,bicycle,bicycle
349,deocder_2,bicycle9.png,bicycle,bicycle
350,deocder_2,bird1.png,cat,bird
351,deocder_2,bird10.png,dog,bird
352,deocder_2,bird2.png,elephant,bird
353,deocder_2,bird3.png,cat,bird
354,deocder_2,bird4.png,cat,bird
355,deocder_2,bird5.png,bird,bird
356,deocder_2,bird6.png,bear,bird
357,deocder_2,bird7.png,clock,bird
358,deocder_2,bird8.png,cat,bird
359,deocder_2,bird9.png,bird,bird
360,deocder_2,boat1.png,keyboard,boat
361,deocder_2,boat10.png,car,boat
362,deocder_2,boat2.png,boat,boat
363,deocder_2,boat3.png,keyboard,boat
364,deocder_2,boat4.png,boat,boat
365,deocder_2,boat5.png,bicycle,boat
366,deocder_2,boat6.png,boat,boat
367,deocder_2,boat7.png,bottle,boat
368,deocder_2,boat8.png,boat,boat
369,deocder_2,boat9.png,truck,boat
370,deocder_2,bottle1.png,bottle,bottle
371,deocder_2,bottle10.png,bottle,bottle
372,deocder_2,bottle2.png,bottle,bottle
373,deocder_2,bottle3.png,bottle,bottle
374,deocder_2,bottle4.png,boat,bottle
375,deocder_2,bottle5.png,bicycle,bottle
376,deocder_2,bottle6.png,airplane,bottle
377,deocder_2,bottle7.png,bottle,bottle
378,deocder_2,bottle8.png,bottle,bottle
379,deocder_2,bottle9.png,bottle,bottle
380,deocder_2,car1.png,car,car
381,deocder_2,car10.png,bird,car
382,deocder_2,car2.png,car,car
383,deocder_2,car3.png,car,car
384,deocder_2,car4.png,bird,car
385,deocder_2,car5.png,truck,car
386,deocder_2,car6.png,oven,car
387,deocder_2,car7.png,car,car
388,deocder_2,car8.png,car,car
389,deocder_2,car9.png,car,car
390,deocder_2,cat1.png,bird,cat
391,deocder_2,cat10.png,cat,cat
392,deocder_2,cat2.png,cat,cat
393,deocder_2,cat3.png,cat,cat
394,deocder_2,cat4.png,cat,cat
395,deocder_2,cat5.png,cat,cat
396,deocder_2,cat6.png,cat,cat
397,deocder_2,cat7.png,elephant,cat
398,deocder_2,cat8.png,dog,cat
399,deocder_2,cat9.png,cat,cat
400,deocder_2,chair1.png,chair,chair
401,deocder_2,chair10.png,chair,chair
402,deocder_2,chair2.png,keyboard,chair
403,deocder_2,chair3.png,chair,chair
404,deocder_2,chair4.png,chair,chair
405,deocder_2,chair5.png,chair,chair
406,deocder_2,chair6.png,chair,chair
407,deocder_2,chair7.png,oven,chair
408,deocder_2,chair8.png,chair,chair
409,deocder_2,chair9.png,bicycle,chair
410,deocder_2,clock1.png,truck,clock
411,deocder_2,clock10.png,cat,clock
412,deocder_2,clock2.png,clock,clock
413,deocder_2,clock3.png,clock,clock
414,deocder_2,clock4.png,clock,clock
415,deocder_2,clock5.png,clock,clock
416,deocder_2,clock6.png,clock,clock
417,deocder_2,clock7.png,oven,clock
418,deocder_2,clock8.png,clock,clock
419,deocder_2,clock9.png,clock,clock
420,deocder_2,dog1.png,elephant,dog
421,deocder_2,dog10.png,cat,dog
422,deocder_2,dog2.png,dog,dog
423,deocder_2,dog3.png,dog,dog
424,deocder_2,dog4.png,bird,dog
425,deocder_2,dog5.png,dog,dog
426,deocder_2,dog6.png,cat,dog
427,deocder_2,dog7.png,bear,dog
428,deocder_2,dog8.png,bear,dog
429,deocder_2,dog9.png,bottle,dog
430,deocder_2,elephant1.png,dog,elephant
431,deocder_2,elephant10.png,car,elephant
432,deocder_2,elephant2.png,bear,elephant
433,deocder_2,elephant3.png,elephant,elephant
434,deocder_2,elephant4.png,elephant,elephant
435,deocder_2,elephant5.png,car,elephant
436,deocder_2,elephant6.png,bear,elephant
437,deocder_2,elephant7.png,bear,elephant
438,deocder_2,elephant8.png,truck,elephant
439,deocder_2,elephant9.png,bear,elephant
440,deocder_2,keyboard1.png,keyboard,keyboard
441,deocder_2,keyboard10.png,boat,keyboard
442,deocder_2,keyboard2.png,keyboard,keyboard
443,deocder_2,keyboard3.png,keyboard,keyboard
444,deocder_2,keyboard4.png,keyboard,keyboard
445,deocder_2,keyboard5.png,keyboard,keyboard
446,deocder_2,keyboard6.png,keyboard,keyboard
447,deocder_2,keyboard7.png,keyboard,keyboard
448,deocder_2,keyboard8.png,boat,keyboard
449,deocder_2,keyboard9.png,keyboard,keyboard
450,deocder_2,knife1.png,knife,knife
451,deocder_2,knife10.png,knife,knife
452,deocder_2,knife2.png,knife,knife
453,deocder_2,knife3.png,knife,knife
454,deocder_2,knife4.png,knife,knife
455,deocder_2,knife5.png,knife,knife
456,deocder_2,knife6.png,knife,knife
457,deocder_2,knife7.png,knife,knife
458,deocder_2,knife8.png,knife,knife
459,deocder_2,knife9.png,knife,knife
460,deocder_2,oven1.png,oven,oven
461,deocder_2,oven10.png,oven,oven
462,deocder_2,oven2.png,oven,oven
463,deocder_2,oven3.png,oven,oven
464,deocder_2,oven4.png,chair,oven
465,deocder_2,oven5.png,boat,oven
466,deocder_2,oven6.png,cat,oven
467,deocder_2,oven7.png,chair,oven
468,deocder_2,oven8.png,oven,oven
469,deocder_2,oven9.png,bird,oven
470,deocder_2,truck1.png,truck,truck
471,deocder_2,truck10.png,elephant,truck
472,deocder_2,truck2.png,truck,truck
473,deocder_2,truck3.png,truck,truck
474,deocder_2,truck4.png,car,truck
475,deocder_2,truck5.png,dog,truck
476,deocder_2,truck6.png,car,truck
477,deocder_2,truck7.png,truck,truck
478,deocder_2,truck8.png,dog,truck
479,deocder_2,truck9.png,truck,truck
480,deocder_3,airplane1.png,bicycle,airplane
481,deocder_3,airplane10.png,knife,airplane
482,deocder_3,airplane2.png,knife,airplane
483,deocder_3,airplane3.png,airplane,airplane
484,deocder_3,airplane4.png,airplane,airplane
485,deocder_3,airplane5.png,airplane,airplane
486,deocder_3,airplane6.png,airplane,airplane
487,deocder_3,airplane7.png,airplane,airplane
488,deocder_3,airplane8.png,airplane,airplane
489,deocder_3,airplane9.png,airplane,airplane
490,deocder_3,bear1.png,bear,bear
491,deocder_3,bear10.png,bicycle,bear
492,deocder_3,bear2.png,bear,bear
493,deocder_3,bear3.png,elephant,bear
494,deocder_3,bear4.png,cat,bear
495,deocder_3,bear5.png,dog,bear
496,deocder_3,bear6.png,keyboard,bear
497,deocder_3,bear7.png,elephant,bear
498,deocder_3,bear8.png,elephant,bear
499,deocder_3,bear9.png,elephant,bear
500,deocder_3,bicycle1.png,bicycle,bicycle
501,deocder_3,bicycle10.png,bear,bicycle
502,deocder_3,bicycle2.png,bicycle,bicycle
503,deocder_3,bicycle3.png,bicycle,bicycle
504,deocder_3,bicycle4.png,bicycle,bicycle
505,deocder_3,bicycle5.png,bicycle,bicycle
506,deocder_3,bicycle6.png,bicycle,bicycle
507,deocder_3,bicycle7.png,bicycle,bicycle
508,deocder_3,bicycle8.png,bicycle,bicycle
509,deocder_3,bicycle9.png,bicycle,bicycle
510,deocder_3,bird1.png,cat,bird
511,deocder_3,bird10.png,dog,bird
512,deocder_3,bird2.png,elephant,bird
513,deocder_3,bird3.png,cat,bird
514,deocder_3,bird4.png,cat,bird
515,deocder_3,bird5.png,bird,bird
516,deocder_3,bird6.png,bear,bird
517,deocder_3,bird7.png,clock,bird
518,deocder_3,bird8.png,cat,bird
519,deocder_3,bird9.png,bird,bird
520,deocder_3,boat1.png,keyboard,boat
521,deocder_3,boat10.png,car,boat
522,deocder_3,boat2.png,boat,boat
523,deocder_3,boat3.png,truck,boat
524,deocder_3,boat4.png,boat,boat
525,deocder_3,boat5.png,bicycle,boat
526,deocder_3,boat6.png,boat,boat
527,deocder_3,boat7.png,bottle,boat
528,deocder_3,boat8.png,boat,boat
529,deocder_3,boat9.png,truck,boat
530,deocder_3,bottle1.png,bottle,bottle
531,deocder_3,bottle10.png,bottle,bottle
532,deocder_3,bottle2.png,bottle,bottle
533,deocder_3,bottle3.png,bottle,bottle
534,deocder_3,bottle4.png,boat,bottle
535,deocder_3,bottle5.png,bicycle,bottle
536,deocder_3,bottle6.png,airplane,bottle
537,deocder_3,bottle7.png,bottle,bottle
538,deocder_3,bottle8.png,bottle,bottle
539,deocder_3,bottle9.png,bottle,bottle
540,deocder_3,car1.png,car,car
541,deocder_3,car10.png,bird,car
542,deocder_3,car2.png,car,car
543,deocder_3,car3.png,car,car
544,deocder_3,car4.png,car,car
545,deocder_3,car5.png,truck,car
546,deocder_3,car6.png,oven,car
547,deocder_3,car7.png,car,car
548,deocder_3,car8.png,car,car
549,deocder_3,car9.png,car,car
550,deocder_3,cat1.png,cat,cat
551,deocder_3,cat10.png,cat,cat
552,deocder_3,cat2.png,cat,cat
553,deocder_3,cat3.png,cat,cat
554,deocder_3,cat4.png,cat,cat
555,deocder_3,cat5.png,bear,cat
556,deocder_3,cat6.png,cat,cat
557,deocder_3,cat7.png,elephant,cat
558,deocder_3,cat8.png,dog,cat
559,deocder_3,cat9.png,cat,cat
560,deocder_3,chair1.png,chair,chair
561,deocder_3,chair10.png,oven,chair
562,deocder_3,chair2.png,keyboard,chair
563,deocder_3,chair3.png,chair,chair
564,deocder_3,chair4.png,chair,chair
565,deocder_3,chair5.png,chair,chair
566,deocder_3,chair6.png,chair,chair
567,deocder_3,chair7.png,oven,chair
568,deocder_3,chair8.png,chair,chair
569,deocder_3,chair9.png,bicycle,chair
570,deocder_3,clock1.png,truck,clock
571,deocder_3,clock10.png,cat,clock
572,deocder_3,clock2.png,clock,clock
573,deocder_3,clock3.png,clock,clock
574,deocder_3,clock4.png,clock,clock
575,deocder_3,clock5.png,clock,clock
576,deocder_3,clock6.png,clock,clock
577,deocder_3,clock7.png,oven,clock
578,deocder_3,clock8.png,clock,clock
579,deocder_3,clock9.png,clock,clock
580,deocder_3,dog1.png,bear,dog
581,deocder_3,dog10.png,cat,dog
582,deocder_3,dog2.png,dog,dog
583,deocder_3,dog3.png,dog,dog
584,deocder_3,dog4.png,bird,dog
585,deocder_3,dog5.png,dog,dog
586,deocder_3,dog6.png,dog,dog
587,deocder_3,dog7.png,bear,dog
588,deocder_3,dog8.png,bear,dog
589,deocder_3,dog9.png,bottle,dog
590,deocder_3,elephant1.png,dog,elephant
591,deocder_3,elephant10.png,bear,elephant
592,deocder_3,elephant2.png,bear,elephant
593,deocder_3,elephant3.png,elephant,elephant
594,deocder_3,elephant4.png,elephant,elephant
595,deocder_3,elephant5.png,elephant,elephant
596,deocder_3,elephant6.png,elephant,elephant
597,deocder_3,elephant7.png,bear,elephant
598,deocder_3,elephant8.png,truck,elephant
599,deocder_3,elephant9.png,bear,elephant
600,deocder_3,keyboard1.png,keyboard,keyboard
601,deocder_3,keyboard10.png,knife,keyboard
602,deocder_3,keyboard2.png,keyboard,keyboard
603,deocder_3,keyboard3.png,keyboard,keyboard
604,deocder_3,keyboard4.png,keyboard,keyboard
605,deocder_3,keyboard5.png,keyboard,keyboard
606,deocder_3,keyboard6.png,keyboard,keyboard
607,deocder_3,keyboard7.png,keyboard,keyboard
608,deocder_3,keyboard8.png,boat,keyboard
609,deocder_3,keyboard9.png,keyboard,keyboard
610,deocder_3,knife1.png,knife,knife
611,deocder_3,knife10.png,knife,knife
612,deocder_3,knife2.png,knife,knife
613,deocder_3,knife3.png,knife,knife
614,deocder_3,knife4.png,knife,knife
615,deocder_3,knife5.png,knife,knife
616,deocder_3,knife6.png,knife,knife
617,deocder_3,knife7.png,airplane,knife
618,deocder_3,knife8.png,knife,knife
619,deocder_3,knife9.png,knife,knife
620,deocder_3,oven1.png,oven,oven
621,deocder_3,oven10.png,oven,oven
622,deocder_3,oven2.png,oven,oven
623,deocder_3,oven3.png,oven,oven
624,deocder_3,oven4.png,chair,oven
625,deocder_3,oven5.png,chair,oven
626,deocder_3,oven6.png,cat,oven
627,deocder_3,oven7.png,chair,oven
628,deocder_3,oven8.png,oven,oven
629,deocder_3,oven9.png,cat,oven
630,deocder_3,truck1.png,truck,truck
631,deocder_3,truck10.png,elephant,truck
632,deocder_3,truck2.png,truck,truck
633,deocder_3,truck3.png,truck,truck
634,deocder_3,truck4.png,bear,truck
635,deocder_3,truck5.png,dog,truck
636,deocder_3,truck6.png,car,truck
637,deocder_3,truck7.png,truck,truck
638,deocder_3,truck8.png,dog,truck
639,deocder_3,truck9.png,truck,truck
640,deocder_4,airplane1.png,bicycle,airplane
641,deocder_4,airplane10.png,knife,airplane
642,deocder_4,airplane2.png,airplane,airplane
643,deocder_4,airplane3.png,airplane,airplane
644,deocder_4,airplane4.png,airplane,airplane
645,deocder_4,airplane5.png,airplane,airplane
646,deocder_4,airplane6.png,airplane,airplane
647,deocder_4,airplane7.png,airplane,airplane
648,deocder_4,airplane8.png,airplane,airplane
649,deocder_4,airplane9.png,keyboard,airplane
650,deocder_4,bear1.png,bear,bear
651,deocder_4,bear10.png,bicycle,bear
652,deocder_4,bear2.png,bear,bear
653,deocder_4,bear3.png,elephant,bear
654,deocder_4,bear4.png,cat,bear
655,deocder_4,bear5.png,dog,bear
656,deocder_4,bear6.png,keyboard,bear
657,deocder_4,bear7.png,elephant,bear
658,deocder_4,bear8.png,elephant,bear
659,deocder_4,bear9.png,elephant,bear
660,deocder_4,bicycle1.png,bicycle,bicycle
661,deocder_4,bicycle10.png,bear,bicycle
662,deocder_4,bicycle2.png,bicycle,bicycle
663,deocder_4,bicycle3.png,bicycle,bicycle
664,deocder_4,bicycle4.png,bicycle,bicycle
665,deocder_4,bicycle5.png,bicycle,bicycle
666,deocder_4,bicycle6.png,bicycle,bicycle
667,deocder_4,bicycle7.png,bicycle,bicycle
668,deocder_4,bicycle8.png,bicycle,bicycle
669,deocder_4,bicycle9.png,bicycle,bicycle
670,deocder_4,bird1.png,cat,bird
671,deocder_4,bird10.png,dog,bird
672,deocder_4,bird2.png,elephant,bird
673,deocder_4,bird3.png,cat,bird
674,deocder_4,bird4.png,cat,bird
675,deocder_4,bird5.png,bird,bird
676,deocder_4,bird6.png,bear,bird
677,deocder_4,bird7.png,clock,bird
678,deocder_4,bird8.png,bird,bird
679,deocder_4,bird9.png,bird,bird
680,deocder_4,boat1.png,keyboard,boat
681,deocder_4,boat10.png,car,boat
682,deocder_4,boat2.png,boat,boat
683,deocder_4,boat3.png,keyboard,boat
684,deocder_4,boat4.png,boat,boat
685,deocder_4,boat5.png,bicycle,boat
686,deocder_4,boat6.png,boat,boat
687,deocder_4,boat7.png,bottle,boat
688,deocder_4,boat8.png,boat,boat
689,deocder_4,boat9.png,truck,boat
690,deocder_4,bottle1.png,bottle,bottle
691,deocder_4,bottle10.png,bottle,bottle
692,deocder_4,bottle2.png,bottle,bottle
693,deocder_4,bottle3.png,bottle,bottle
694,deocder_4,bottle4.png,bottle,bottle
695,deocder_4,bottle5.png,bicycle,bottle
696,deocder_4,bottle6.png,airplane,bottle
697,deocder_4,bottle7.png,bottle,bottle
698,deocder_4,bottle8.png,bottle,bottle
699,deocder_4,bottle9.png,bottle,bottle
700,deocder_4,car1.png,car,car
701,deocder_4,car10.png,bird,car
702,deocder_4,car2.png,car,car
703,deocder_4,car3.png,car,car
704,deocder_4,car4.png,bird,car
705,deocder_4,car5.png,truck,car
706,deocder_4,car6.png,oven,car
707,deocder_4,car7.png,car,car
708,deocder_4,car8.png,car,car
709,deocder_4,car9.png,car,car
710,deocder_4,cat1.png,bird,cat
711,deocder_4,cat10.png,cat,cat
712,deocder_4,cat2.png,cat,cat
713,deocder_4,cat3.png,cat,cat
714,deocder_4,cat4.png,cat,cat
715,deocder_4,cat5.png,bear,cat
716,deocder_4,cat6.png,cat,cat
717,deocder_4,cat7.png,elephant,cat
718,deocder_4,cat8.png,dog,cat
719,deocder_4,cat9.png,cat,cat
720,deocder_4,chair1.png,chair,chair
721,deocder_4,chair10.png,chair,chair
722,deocder_4,chair2.png,keyboard,chair
723,deocder_4,chair3.png,chair,chair
724,deocder_4,chair4.png,chair,chair
725,deocder_4,chair5.png,bottle,chair
726,deocder_4,chair6.png,chair,chair
727,deocder_4,chair7.png,oven,chair
728,deocder_4,chair8.png,chair,chair
729,deocder_4,chair9.png,bicycle,chair
730,deocder_4,clock1.png,truck,clock
731,deocder_4,clock10.png,dog,clock
732,deocder_4,clock2.png,clock,clock
733,deocder_4,clock3.png,clock,clock
734,deocder_4,clock4.png,clock,clock
735,deocder_4,clock5.png,clock,clock
736,deocder_4,clock6.png,clock,clock
737,deocder_4,clock7.png,oven,clock
738,deocder_4,clock8.png,clock,clock
739,deocder_4,clock9.png,clock,clock
740,deocder_4,dog1.png,bear,dog
741,deocder_4,dog10.png,dog,dog
742,deocder_4,dog2.png,dog,dog
743,deocder_4,dog3.png,dog,dog
744,deocder_4,dog4.png,bird,dog
745,deocder_4,dog5.png,dog,dog
746,deocder_4,dog6.png,dog,dog
747,deocder_4,dog7.png,bear,dog
748,deocder_4,dog8.png,bear,dog
749,deocder_4,dog9.png,bottle,dog
750,deocder_4,elephant1.png,dog,elephant
751,deocder_4,elephant10.png,car,elephant
752,deocder_4,elephant2.png,elephant,elephant
753,deocder_4,elephant3.png,elephant,elephant
754,deocder_4,elephant4.png,elephant,elephant
755,deocder_4,elephant5.png,car,elephant
756,deocder_4,elephant6.png,bear,elephant
757,deocder_4,elephant7.png,bear,elephant
758,deocder_4,elephant8.png,truck,elephant
759,deocder_4,elephant9.png,elephant,elephant
760,deocder_4,keyboard1.png,keyboard,keyboard
761,deocder_4,keyboard10.png,knife,keyboard
762,deocder_4,keyboard2.png,keyboard,keyboard
763,deocder_4,keyboard3.png,keyboard,keyboard
764,deocder_4,keyboard4.png,keyboard,keyboard
765,deocder_4,keyboard5.png,keyboard,keyboard
766,deocder_4,keyboard6.png,keyboard,keyboard
767,deocder_4,keyboard7.png,keyboard,keyboard
768,deocder_4,keyboard8.png,boat,keyboard
769,deocder_4,keyboard9.png,keyboard,keyboard
770,deocder_4,knife1.png,knife,knife
771,deocder_4,knife10.png,knife,knife
772,deocder_4,knife2.png,knife,knife
773,deocder_4,knife3.png,knife,knife
774,deocder_4,knife4.png,knife,knife
775,deocder_4,knife5.png,knife,knife
776,deocder_4,knife6.png,knife,knife
777,deocder_4,knife7.png,airplane,knife
778,deocder_4,knife8.png,knife,knife
779,deocder_4,knife9.png,knife,knife
780,deocder_4,oven1.png,oven,oven
781,deocder_4,oven10.png,oven,oven
782,deocder_4,oven2.png,oven,oven
783,deocder_4,oven3.png,oven,oven
784,deocder_4,oven4.png,chair,oven
785,deocder_4,oven5.png,boat,oven
786,deocder_4,oven6.png,dog,oven
787,deocder_4,oven7.png,chair,oven
788,deocder_4,oven8.png,oven,oven
789,deocder_4,oven9.png,bird,oven
790,deocder_4,truck1.png,truck,truck
791,deocder_4,truck10.png,elephant,truck
792,deocder_4,truck2.png,truck,truck
793,deocder_4,truck3.png,truck,truck
794,deocder_4,truck4.png,car,truck
795,deocder_4,truck5.png,dog,truck
796,deocder_4,truck6.png,car,truck
797,deocder_4,truck7.png,truck,truck
798,deocder_4,truck8.png,dog,truck
799,deocder_4,truck9.png,truck,truck
800,deocder_5,airplane1.png,bicycle,airplane
801,deocder_5,airplane10.png,knife,airplane
802,deocder_5,airplane2.png,knife,airplane
803,deocder_5,airplane3.png,airplane,airplane
804,deocder_5,airplane4.png,airplane,airplane
805,deocder_5,airplane5.png,airplane,airplane
806,deocder_5,airplane6.png,airplane,airplane
807,deocder_5,airplane7.png,airplane,airplane
808,deocder_5,airplane8.png,airplane,airplane
809,deocder_5,airplane9.png,airplane,airplane
810,deocder_5,bear1.png,elephant,bear
811,deocder_5,bear10.png,bicycle,bear
812,deocder_5,bear2.png,bear,bear
813,deocder_5,bear3.png,elephant,bear
814,deocder_5,bear4.png,cat,bear
815,deocder_5,bear5.png,dog,bear
816,deocder_5,bear6.png,keyboard,bear
817,deocder_5,bear7.png,elephant,bear
818,deocder_5,bear8.png,elephant,bear
819,deocder_5,bear9.png,elephant,bear
820,deocder_5,bicycle1.png,bicycle,bicycle
821,deocder_5,bicycle10.png,cat,bicycle
822,deocder_5,bicycle2.png,bicycle,bicycle
823,deocder_5,bicycle3.png,bicycle,bicycle
824,deocder_5,bicycle4.png,bicycle,bicycle
825,deocder_5,bicycle5.png,bicycle,bicycle
826,deocder_5,bicycle6.png,bicycle,bicycle
827,deocder_5,bicycle7.png,bicycle,bicycle
828,deocder_5,bicycle8.png,bicycle,bicycle
829,deocder_5,bicycle9.png,bicycle,bicycle
830,deocder_5,bird1.png,cat,bird
831,deocder_5,bird10.png,dog,bird
832,deocder_5,bird2.png,elephant,bird
833,deocder_5,bird3.png,cat,bird
834,deocder_5,bird4.png,cat,bird
835,deocder_5,bird5.png,bird,bird
836,deocder_5,bird6.png,bear,bird
837,deocder_5,bird7.png,clock,bird
838,deocder_5,bird8.png,cat,bird
839,deocder_5,bird9.png,bird,bird
840,deocder_5,boat1.png,boat,boat
841,deocder_5,boat10.png,car,boat
842,deocder_5,boat2.png,boat,boat
843,deocder_5,boat3.png,truck,boat
844,deocder_5,boat4.png,boat,boat
845,deocder_5,boat5.png,bicycle,boat
846,deocder_5,boat6.png,boat,boat
847,deocder_5,boat7.png,bottle,boat
848,deocder_5,boat8.png,boat,boat
849,deocder_5,boat9.png,truck,boat
850,deocder_5,bottle1.png,bottle,bottle
851,deocder_5,bottle10.png,bottle,bottle
852,deocder_5,bottle2.png,bottle,bottle
853,deocder_5,bottle3.png,bottle,bottle
854,deocder_5,bottle4.png,boat,bottle
855,deocder_5,bottle5.png,bicycle,bottle
856,deocder_5,bottle6.png,airplane,bottle
857,deocder_5,bottle7.png,bottle,bottle
858,deocder_5,bottle8.png,bottle,bottle
859,deocder_5,bottle9.png,bottle,bottle
860,deocder_5,car1.png,car,car
861,deocder_5,car10.png,bird,car
862,deocder_5,car2.png,car,car
863,deocder_5,car3.png,car,car
864,deocder_5,car4.png,bird,car
865,deocder_5,car5.png,truck,car
866,deocder_5,car6.png,oven,car
867,deocder_5,car7.png,car,car
868,deocder_5,car8.png,car,car
869,deocder_5,car9.png,car,car
870,deocder_5,cat1.png,dog,cat
871,deocder_5,cat10.png,cat,cat
872,deocder_5,cat2.png,cat,cat
873,deocder_5,cat3.png,cat,cat
874,deocder_5,cat4.png,cat,cat
875,deocder_5,cat5.png,bear,cat
876,deocder_5,cat6.png,cat,cat
877,deocder_5,cat7.png,elephant,cat
878,deocder_5,cat8.png,dog,cat
879,deocder_5,cat9.png,cat,cat
880,deocder_5,chair1.png,chair,chair
881,deocder_5,chair10.png,chair,chair
882,deocder_5,chair2.png,keyboard,chair
883,deocder_5,chair3.png,chair,chair
884,deocder_5,chair4.png,chair,chair
885,deocder_5,chair5.png,bottle,chair
886,deocder_5,chair6.png,chair,chair
887,deocder_5,chair7.png,oven,chair
888,deocder_5,chair8.png,chair,chair
889,deocder_5,chair9.png,bicycle,chair
890,deocder_5,clock1.png,truck,clock
891,deocder_5,clock10.png,dog,clock
892,deocder_5,clock2.png,clock,clock
893,deocder_5,clock3.png,clock,clock
894,deocder_5,clock4.png,clock,clock
895,deocder_5,clock5.png,clock,clock
896,deocder_5,clock6.png,clock,clock
897,deocder_5,clock7.png,oven,clock
898,deocder_5,clock8.png,clock,clock
899,deocder_5,clock9.png,clock,clock
900,deocder_5,dog1.png,elephant,dog
901,deocder_5,dog10.png,cat,dog
902,deocder_5,dog2.png,bear,dog
903,deocder_5,dog3.png,dog,dog
904,deocder_5,dog4.png,bird,dog
905,deocder_5,dog5.png,dog,dog
906,deocder_5,dog6.png,dog,dog
907,deocder_5,dog7.png,elephant,dog
908,deocder_5,dog8.png,bear,dog
909,deocder_5,dog9.png,bottle,dog
910,deocder_5,elephant1.png,dog,elephant
911,deocder_5,elephant10.png,bear,elephant
912,deocder_5,elephant2.png,bear,elephant
913,deocder_5,elephant3.png,elephant,elephant
914,deocder_5,elephant4.png,elephant,elephant
915,deocder_5,elephant5.png,car,elephant
916,deocder_5,elephant6.png,bear,elephant
917,deocder_5,elephant7.png,bear,elephant
918,deocder_5,elephant8.png,truck,elephant
919,deocder_5,elephant9.png,bear,elephant
920,deocder_5,keyboard1.png,keyboard,keyboard
921,deocder_5,keyboard10.png,knife,keyboard
922,deocder_5,keyboard2.png,keyboard,keyboard
923,deocder_5,keyboard3.png,keyboard,keyboard
924,deocder_5,keyboard4.png,keyboard,keyboard
925,deocder_5,keyboard5.png,keyboard,keyboard
926,deocder_5,keyboard6.png,keyboard,keyboard
927,deocder_5,keyboard7.png,keyboard,keyboard
928,deocder_5,keyboard8.png,boat,keyboard
929,deocder_5,keyboard9.png,keyboard,keyboard
930,deocder_5,knife1.png,knife,knife
931,deocder_5,knife10.png,knife,knife
932,deocder_5,knife2.png,knife,knife
933,deocder_5,knife3.png,knife,knife
934,deocder_5,knife4.png,knife,knife
935,deocder_5,knife5.png,knife,knife
936,deocder_5,knife6.png,knife,knife
937,deocder_5,knife7.png,knife,knife
938,deocder_5,knife8.png,knife,knife
939,deocder_5,knife9.png,knife,knife
940,deocder_5,oven1.png,oven,oven
941,deocder_5,oven10.png,oven,oven
942,deocder_5,oven2.png,oven,oven
943,deocder_5,oven3.png,oven,oven
944,deocder_5,oven4.png,chair,oven
945,deocder_5,oven5.png,oven,oven
946,deocder_5,oven6.png,dog,oven
947,deocder_5,oven7.png,chair,oven
948,deocder_5,oven8.png,oven,oven
949,deocder_5,oven9.png,bird,oven
950,deocder_5,truck1.png,truck,truck
951,deocder_5,truck10.png,elephant,truck
952,deocder_5,truck2.png,truck,truck
953,deocder_5,truck3.png,truck,truck
954,deocder_5,truck4.png,car,truck
955,deocder_5,truck5.png,dog,truck
956,deocder_5,truck6.png,car,truck
957,deocder_5,truck7.png,truck,truck
958,deocder_5,truck8.png,dog,truck
959,deocder_5,truck9.png,truck,truck
960,deocder_6,airplane1.png,bicycle,airplane
961,deocder_6,airplane10.png,knife,airplane
962,deocder_6,airplane2.png,knife,airplane
963,deocder_6,airplane3.png,airplane,airplane
964,deocder_6,airplane4.png,airplane,airplane
965,deocder_6,airplane5.png,airplane,airplane
966,deocder_6,airplane6.png,airplane,airplane
967,deocder_6,airplane7.png,airplane,airplane
968,deocder_6,airplane8.png,airplane,airplane
969,deocder_6,airplane9.png,keyboard,airplane
970,deocder_6,bear1.png,bear,bear
971,deocder_6,bear10.png,bicycle,bear
972,deocder_6,bear2.png,bear,bear
973,deocder_6,bear3.png,elephant,bear
974,deocder_6,bear4.png,cat,bear
975,deocder_6,bear5.png,dog,bear
976,deocder_6,bear6.png,keyboard,bear
977,deocder_6,bear7.png,elephant,bear
978,deocder_6,bear8.png,elephant,bear
979,deocder_6,bear9.png,elephant,bear
980,deocder_6,bicycle1.png,bicycle,bicycle
981,deocder_6,bicycle10.png,cat,bicycle
982,deocder_6,bicycle2.png,bicycle,bicycle
983,deocder_6,bicycle3.png,bicycle,bicycle
984,deocder_6,bicycle4.png,bicycle,bicycle
985,deocder_6,bicycle5.png,bicycle,bicycle
986,deocder_6,bicycle6.png,bicycle,bicycle
987,deocder_6,bicycle7.png,bicycle,bicycle
988,deocder_6,bicycle8.png,bicycle,bicycle
989,deocder_6,bicycle9.png,bicycle,bicycle
990,deocder_6,bird1.png,cat,bird
991,deocder_6,bird10.png,dog,bird
992,deocder_6,bird2.png,elephant,bird
993,deocder_6,bird3.png,cat,bird
994,deocder_6,bird4.png,cat,bird
995,deocder_6,bird5.png,bird,bird
996,deocder_6,bird6.png,bear,bird
997,deocder_6,bird7.png,clock,bird
998,deocder_6,bird8.png,bird,bird
999,deocder_6,bird9.png,bird,bird
1000,deocder_6,boat1.png,keyboard,boat
1001,deocder_6,boat10.png,car,boat
1002,deocder_6,boat2.png,boat,boat
1003,deocder_6,boat3.png,keyboard,boat
1004,deocder_6,boat4.png,boat,boat
1005,deocder_6,boat5.png,bicycle,boat
1006,deocder_6,boat6.png,boat,boat
1007,deocder_6,boat7.png,bottle,boat
1008,deocder_6,boat8.png,boat,boat
1009,deocder_6,boat9.png,truck,boat
1010,deocder_6,bottle1.png,bottle,bottle
1011,deocder_6,bottle10.png,bottle,bottle
1012,deocder_6,bottle2.png,bottle,bottle
1013,deocder_6,bottle3.png,bottle,bottle
1014,deocder_6,bottle4.png,boat,bottle
1015,deocder_6,bottle5.png,bicycle,bottle
1016,deocder_6,bottle6.png,airplane,bottle
1017,deocder_6,bottle7.png,bottle,bottle
1018,deocder_6,bottle8.png,bottle,bottle
1019,deocder_6,bottle9.png,bottle,bottle
1020,deocder_6,car1.png,car,car
1021,deocder_6,car10.png,bird,car
1022,deocder_6,car2.png,car,car
1023,deocder_6,car3.png,car,car
1024,deocder_6,car4.png,bird,car
1025,deocder_6,car5.png,truck,car
1026,deocder_6,car6.png,oven,car
1027,deocder_6,car7.png,car,car
1028,deocder_6,car8.png,car,car
1029,deocder_6,car9.png,car,car
1030,deocder_6,cat1.png,bird,cat
1031,deocder_6,cat10.png,cat,cat
1032,deocder_6,cat2.png,cat,cat
1033,deocder_6,cat3.png,cat,cat
1034,deocder_6,cat4.png,cat,cat
1035,deocder_6,cat5.png,bear,cat
1036,deocder_6,cat6.png,cat,cat
1037,deocder_6,cat7.png,elephant,cat
1038,deocder_6,cat8.png,dog,cat
1039,deocder_6,cat9.png,cat,cat
1040,deocder_6,chair1.png,chair,chair
1041,deocder_6,chair10.png,chair,chair
1042,deocder_6,chair2.png,keyboard,chair
1043,deocder_6,chair3.png,chair,chair
1044,deocder_6,chair4.png,chair,chair
1045,deocder_6,chair5.png,chair,chair
1046,deocder_6,chair6.png,chair,chair
1047,deocder_6,chair7.png,oven,chair
1048,deocder_6,chair8.png,chair,chair
1049,deocder_6,chair9.png,bicycle,chair
1050,deocder_6,clock1.png,boat,clock
1051,deocder_6,clock10.png,dog,clock
1052,deocder_6,clock2.png,clock,clock
1053,deocder_6,clock3.png,clock,clock
1054,deocder_6,clock4.png,clock,clock
1055,deocder_6,clock5.png,clock,clock
1056,deocder_6,clock6.png,clock,clock
1057,deocder_6,clock7.png,oven,clock
1058,deocder_6,clock8.png,clock,clock
1059,deocder_6,clock9.png,clock,clock
1060,deocder_6,dog1.png,elephant,dog
1061,deocder_6,dog10.png,cat,dog
1062,deocder_6,dog2.png,dog,dog
1063,deocder_6,dog3.png,dog,dog
1064,deocder_6,dog4.png,bird,dog
1065,deocder_6,dog5.png,dog,dog
1066,deocder_6,dog6.png,cat,dog
1067,deocder_6,dog7.png,bear,dog
1068,deocder_6,dog8.png,bear,dog
1069,deocder_6,dog9.png,bottle,dog
1070,deocder_6,elephant1.png,elephant,elephant
1071,deocder_6,elephant10.png,bear,elephant
1072,deocder_6,elephant2.png,bear,elephant
1073,deocder_6,elephant3.png,elephant,elephant
1074,deocder_6,elephant4.png,elephant,elephant
1075,deocder_6,elephant5.png,elephant,elephant
1076,deocder_6,elephant6.png,elephant,elephant
1077,deocder_6,elephant7.png,bear,elephant
1078,deocder_6,elephant8.png,truck,elephant
1079,deocder_6,elephant9.png,bear,elephant
1080,deocder_6,keyboard1.png,keyboard,keyboard
1081,deocder_6,keyboard10.png,knife,keyboard
1082,deocder_6,keyboard2.png,keyboard,keyboard
1083,deocder_6,keyboard3.png,keyboard,keyboard
1084,deocder_6,keyboard4.png,keyboard,keyboard
1085,deocder_6,keyboard5.png,keyboard,keyboard
1086,deocder_6,keyboard6.png,keyboard,keyboard
1087,deocder_6,keyboard7.png,keyboard,keyboard
1088,deocder_6,keyboard8.png,boat,keyboard
1089,deocder_6,keyboard9.png,keyboard,keyboard
1090,deocder_6,knife1.png,knife,knife
1091,deocder_6,knife10.png,knife,knife
1092,deocder_6,knife2.png,knife,knife
1093,deocder_6,knife3.png,knife,knife
1094,deocder_6,knife4.png,knife,knife
1095,deocder_6,knife5.png,knife,knife
1096,deocder_6,knife6.png,knife,knife
1097,deocder_6,knife7.png,knife,knife
1098,deocder_6,knife8.png,knife,knife
1099,deocder_6,knife9.png,knife,knife
1100,deocder_6,oven1.png,oven,oven
1101,deocder_6,oven10.png,oven,oven
1102,deocder_6,oven2.png,oven,oven
1103,deocder_6,oven3.png,oven,oven
1104,deocder_6,oven4.png,chair,oven
1105,deocder_6,oven5.png,boat,oven
1106,deocder_6,oven6.png,dog,oven
1107,deocder_6,oven7.png,chair,oven
1108,deocder_6,oven8.png,oven,oven
1109,deocder_6,oven9.png,cat,oven
1110,deocder_6,truck1.png,truck,truck
1111,deocder_6,truck10.png,car,truck
1112,deocder_6,truck2.png,truck,truck
1113,deocder_6,truck3.png,truck,truck
1114,deocder_6,truck4.png,car,truck
1115,deocder_6,truck5.png,oven,truck
1116,deocder_6,truck6.png,car,truck
1117,deocder_6,truck7.png,truck,truck
1118,deocder_6,truck8.png,dog,truck
1119,deocder_6,truck9.png,truck,truck
1120,deocder_7,airplane1.png,bicycle,airplane
1121,deocder_7,airplane10.png,knife,airplane
1122,deocder_7,airplane2.png,knife,airplane
1123,deocder_7,airplane3.png,airplane,airplane
1124,deocder_7,airplane4.png,airplane,airplane
1125,deocder_7,airplane5.png,airplane,airplane
1126,deocder_7,airplane6.png,airplane,airplane
1127,deocder_7,airplane7.png,airplane,airplane
1128,deocder_7,airplane8.png,airplane,airplane
1129,deocder_7,airplane9.png,airplane,airplane
1130,deocder_7,bear1.png,elephant,bear
1131,deocder_7,bear10.png,bicycle,bear
1132,deocder_7,bear2.png,bear,bear
1133,deocder_7,bear3.png,elephant,bear
1134,deocder_7,bear4.png,cat,bear
1135,deocder_7,bear5.png,dog,bear
1136,deocder_7,bear6.png,keyboard,bear
1137,deocder_7,bear7.png,elephant,bear
1138,deocder_7,bear8.png,elephant,bear
1139,deocder_7,bear9.png,elephant,bear
1140,deocder_7,bicycle1.png,bicycle,bicycle
1141,deocder_7,bicycle10.png,cat,bicycle
1142,deocder_7,bicycle2.png,bicycle,bicycle
1143,deocder_7,bicycle3.png,bicycle,bicycle
1144,deocder_7,bicycle4.png,bicycle,bicycle
1145,deocder_7,bicycle5.png,bicycle,bicycle
1146,deocder_7,bicycle6.png,bicycle,bicycle
1147,deocder_7,bicycle7.png,bicycle,bicycle
1148,deocder_7,bicycle8.png,bicycle,bicycle
1149,deocder_7,bicycle9.png,bicycle,bicycle
1150,deocder_7,bird1.png,cat,bird
1151,deocder_7,bird10.png,dog,bird
1152,deocder_7,bird2.png,elephant,bird
1153,deocder_7,bird3.png,cat,bird
1154,deocder_7,bird4.png,cat,bird
1155,deocder_7,bird5.png,bird,bird
1156,deocder_7,bird6.png,bear,bird
1157,deocder_7,bird7.png,clock,bird
1158,deocder_7,bird8.png,bird,bird
1159,deocder_7,bird9.png,bird,bird
1160,deocder_7,boat1.png,keyboard,boat
1161,deocder_7,boat10.png,car,boat
1162,deocder_7,boat2.png,boat,boat
1163,deocder_7,boat3.png,keyboard,boat
1164,deocder_7,boat4.png,boat,boat
1165,deocder_7,boat5.png,bicycle,boat
1166,deocder_7,boat6.png,boat,boat
1167,deocder_7,boat7.png,bottle,boat
1168,deocder_7,boat8.png,boat,boat
1169,deocder_7,boat9.png,truck,boat
1170,deocder_7,bottle1.png,bottle,bottle
1171,deocder_7,bottle10.png,bottle,bottle
1172,deocder_7,bottle2.png,bottle,bottle
1173,deocder_7,bottle3.png,bottle,bottle
1174,deocder_7,bottle4.png,boat,bottle
1175,deocder_7,bottle5.png,bicycle,bottle
1176,deocder_7,bottle6.png,airplane,bottle
1177,deocder_7,bottle7.png,bottle,bottle
1178,deocder_7,bottle8.png,bottle,bottle
1179,deocder_7,bottle9.png,bottle,bottle
1180,deocder_7,car1.png,car,car
1181,deocder_7,car10.png,bird,car
1182,deocder_7,car2.png,car,car
1183,deocder_7,car3.png,car,car
1184,deocder_7,car4.png,car,car
1185,deocder_7,car5.png,truck,car
1186,deocder_7,car6.png,oven,car
1187,deocder_7,car7.png,car,car
1188,deocder_7,car8.png,car,car
1189,deocder_7,car9.png,car,car
1190,deocder_7,cat1.png,cat,cat
1191,deocder_7,cat10.png,cat,cat
1192,deocder_7,cat2.png,cat,cat
1193,deocder_7,cat3.png,cat,cat
1194,deocder_7,cat4.png,cat,cat
1195,deocder_7,cat5.png,bear,cat
1196,deocder_7,cat6.png,cat,cat
1197,deocder_7,cat7.png,elephant,cat
1198,deocder_7,cat8.png,dog,cat
1199,deocder_7,cat9.png,cat,cat
1200,deocder_7,chair1.png,chair,chair
1201,deocder_7,chair10.png,chair,chair
1202,deocder_7,chair2.png,keyboard,chair
1203,deocder_7,chair3.png,chair,chair
1204,deocder_7,chair4.png,chair,chair
1205,deocder_7,chair5.png,chair,chair
1206,deocder_7,chair6.png,chair,chair
1207,deocder_7,chair7.png,oven,chair
1208,deocder_7,chair8.png,chair,chair
1209,deocder_7,chair9.png,bicycle,chair
1210,deocder_7,clock1.png,truck,clock
1211,deocder_7,clock10.png,dog,clock
1212,deocder_7,clock2.png,clock,clock
1213,deocder_7,clock3.png,clock,clock
1214,deocder_7,clock4.png,clock,clock
1215,deocder_7,clock5.png,clock,clock
1216,deocder_7,clock6.png,clock,clock
1217,deocder_7,clock7.png,oven,clock
1218,deocder_7,clock8.png,clock,clock
1219,deocder_7,clock9.png,clock,clock
1220,deocder_7,dog1.png,elephant,dog
1221,deocder_7,dog10.png,cat,dog
1222,deocder_7,dog2.png,dog,dog
1223,deocder_7,dog3.png,dog,dog
1224,deocder_7,dog4.png,bird,dog
1225,deocder_7,dog5.png,dog,dog
1226,deocder_7,dog6.png,cat,dog
1227,deocder_7,dog7.png,bear,dog
1228,deocder_7,dog8.png,bear,dog
1229,deocder_7,dog9.png,bottle,dog
1230,deocder_7,elephant1.png,dog,elephant
1231,deocder_7,elephant10.png,bear,elephant
1232,deocder_7,elephant2.png,bear,elephant
1233,deocder_7,elephant3.png,elephant,elephant
1234,deocder_7,elephant4.png,elephant,elephant
1235,deocder_7,elephant5.png,car,elephant
1236,deocder_7,elephant6.png,elephant,elephant
1237,deocder_7,elephant7.png,bear,elephant
1238,deocder_7,elephant8.png,truck,elephant
1239,deocder_7,elephant9.png,bear,elephant
1240,deocder_7,keyboard1.png,keyboard,keyboard
1241,deocder_7,keyboard10.png,knife,keyboard
1242,deocder_7,keyboard2.png,keyboard,keyboard
1243,deocder_7,keyboard3.png,keyboard,keyboard
1244,deocder_7,keyboard4.png,keyboard,keyboard
1245,deocder_7,keyboard5.png,keyboard,keyboard
1246,deocder_7,keyboard6.png,keyboard,keyboard
1247,deocder_7,keyboard7.png,keyboard,keyboard
1248,deocder_7,keyboard8.png,boat,keyboard
1249,deocder_7,keyboard9.png,keyboard,keyboard
1250,deocder_7,knife1.png,knife,knife
1251,deocder_7,knife10.png,knife,knife
1252,deocder_7,knife2.png,knife,knife
1253,deocder_7,knife3.png,knife,knife
1254,deocder_7,knife4.png,knife,knife
1255,deocder_7,knife5.png,knife,knife
1256,deocder_7,knife6.png,knife,knife
1257,deocder_7,knife7.png,airplane,knife
1258,deocder_7,knife8.png,knife,knife
1259,deocder_7,knife9.png,knife,knife
1260,deocder_7,oven1.png,oven,oven
1261,deocder_7,oven10.png,oven,oven
1262,deocder_7,oven2.png,oven,oven
1263,deocder_7,oven3.png,oven,oven
1264,deocder_7,oven4.png,chair,oven
1265,deocder_7,oven5.png,oven,oven
1266,deocder_7,oven6.png,cat,oven
1267,deocder_7,oven7.png,chair,oven
1268,deocder_7,oven8.png,truck,oven
1269,deocder_7,oven9.png,bird,oven
1270,deocder_7,truck1.png,truck,truck
1271,deocder_7,truck10.png,elephant,truck
1272,deocder_7,truck2.png,truck,truck
1273,deocder_7,truck3.png,truck,truck
1274,deocder_7,truck4.png,car,truck
1275,deocder_7,truck5.png,dog,truck
1276,deocder_7,truck6.png,car,truck
1277,deocder_7,truck7.png,truck,truck
1278,deocder_7,truck8.png,dog,truck
1279,deocder_7,truck9.png,truck,truck
1280,deocder_8,airplane1.png,bicycle,airplane
1281,deocder_8,airplane10.png,knife,airplane
1282,deocder_8,airplane2.png,knife,airplane
1283,deocder_8,airplane3.png,airplane,airplane
1284,deocder_8,airplane4.png,airplane,airplane
1285,deocder_8,airplane5.png,airplane,airplane
1286,deocder_8,airplane6.png,dog,airplane
1287,deocder_8,airplane7.png,airplane,airplane
1288,deocder_8,airplane8.png,airplane,airplane
1289,deocder_8,airplane9.png,keyboard,airplane
1290,deocder_8,bear1.png,bear,bear
1291,deocder_8,bear10.png,bicycle,bear
1292,deocder_8,bear2.png,bear,bear
1293,deocder_8,bear3.png,elephant,bear
1294,deocder_8,bear4.png,cat,bear
1295,deocder_8,bear5.png,dog,bear
1296,deocder_8,bear6.png,keyboard,bear
1297,deocder_8,bear7.png,elephant,bear
1298,deocder_8,bear8.png,elephant,bear
1299,deocder_8,bear9.png,elephant,bear
1300,deocder_8,bicycle1.png,bicycle,bicycle
1301,deocder_8,bicycle10.png,cat,bicycle
1302,deocder_8,bicycle2.png,bicycle,bicycle
1303,deocder_8,bicycle3.png,bicycle,bicycle
1304,deocder_8,bicycle4.png,bicycle,bicycle
1305,deocder_8,bicycle5.png,bicycle,bicycle
1306,deocder_8,bicycle6.png,bicycle,bicycle
1307,deocder_8,bicycle7.png,bicycle,bicycle
1308,deocder_8,bicycle8.png,bicycle,bicycle
1309,deocder_8,bicycle9.png,bicycle,bicycle
1310,deocder_8,bird1.png,cat,bird
1311,deocder_8,bird10.png,dog,bird
1312,deocder_8,bird2.png,elephant,bird
1313,deocder_8,bird3.png,cat,bird
1314,deocder_8,bird4.png,cat,bird
1315,deocder_8,bird5.png,bird,bird
1316,deocder_8,bird6.png,bear,bird
1317,deocder_8,bird7.png,clock,bird
1318,deocder_8,bird8.png,bird,bird
1319,deocder_8,bird9.png,bird,bird
1320,deocder_8,boat1.png,keyboard,boat
1321,deocder_8,boat10.png,car,boat
1322,deocder_8,boat2.png,boat,boat
1323,deocder_8,boat3.png,keyboard,boat
1324,deocder_8,boat4.png,boat,boat
1325,deocder_8,boat5.png,bicycle,boat
1326,deocder_8,boat6.png,boat,boat
1327,deocder_8,boat7.png,bottle,boat
1328,deocder_8,boat8.png,boat,boat
1329,deocder_8,boat9.png,truck,boat
1330,deocder_8,bottle1.png,bottle,bottle
1331,deocder_8,bottle10.png,bottle,bottle
1332,deocder_8,bottle2.png,bottle,bottle
1333,deocder_8,bottle3.png,bottle,bottle
1334,deocder_8,bottle4.png,bottle,bottle
1335,deocder_8,bottle5.png,bicycle,bottle
1336,deocder_8,bottle6.png,airplane,bottle
1337,deocder_8,bottle7.png,bottle,bottle
1338,deocder_8,bottle8.png,bottle,bottle
1339,deocder_8,bottle9.png,bottle,bottle
1340,deocder_8,car1.png,car,car
1341,deocder_8,car10.png,bird,car
1342,deocder_8,car2.png,car,car
1343,deocder_8,car3.png,car,car
1344,deocder_8,car4.png,bird,car
1345,deocder_8,car5.png,truck,car
1346,deocder_8,car6.png,oven,car
1347,deocder_8,car7.png,car,car
1348,deocder_8,car8.png,car,car
1349,deocder_8,car9.png,car,car
1350,deocder_8,cat1.png,cat,cat
1351,deocder_8,cat10.png,dog,cat
1352,deocder_8,cat2.png,cat,cat
1353,deocder_8,cat3.png,cat,cat
1354,deocder_8,cat4.png,cat,cat
1355,deocder_8,cat5.png,bear,cat
1356,deocder_8,cat6.png,cat,cat
1357,deocder_8,cat7.png,elephant,cat
1358,deocder_8,cat8.png,dog,cat
1359,deocder_8,cat9.png,cat,cat
1360,deocder_8,chair1.png,chair,chair
1361,deocder_8,chair10.png,chair,chair
1362,deocder_8,chair2.png,keyboard,chair
1363,deocder_8,chair3.png,chair,chair
1364,deocder_8,chair4.png,chair,chair
1365,deocder_8,chair5.png,bottle,chair
1366,deocder_8,chair6.png,chair,chair
1367,deocder_8,chair7.png,oven,chair
1368,deocder_8,chair8.png,chair,chair
1369,deocder_8,chair9.png,bicycle,chair
1370,deocder_8,clock1.png,truck,clock
1371,deocder_8,clock10.png,dog,clock
1372,deocder_8,clock2.png,clock,clock
1373,deocder_8,clock3.png,clock,clock
1374,deocder_8,clock4.png,clock,clock
1375,deocder_8,clock5.png,clock,clock
1376,deocder_8,clock6.png,clock,clock
1377,deocder_8,clock7.png,oven,clock
1378,deocder_8,clock8.png,clock,clock
1379,deocder_8,clock9.png,clock,clock
1380,deocder_8,dog1.png,bear,dog
1381,deocder_8,dog10.png,dog,dog
1382,deocder_8,dog2.png,dog,dog
1383,deocder_8,dog3.png,dog,dog
1384,deocder_8,dog4.png,bird,dog
1385,deocder_8,dog5.png,dog,dog
1386,deocder_8,dog6.png,dog,dog
1387,deocder_8,dog7.png,bear,dog
1388,deocder_8,dog8.png,bear,dog
1389,deocder_8,dog9.png,cat,dog
1390,deocder_8,elephant1.png,dog,elephant
1391,deocder_8,elephant10.png,bear,elephant
1392,deocder_8,elephant2.png,bear,elephant
1393,deocder_8,elephant3.png,elephant,elephant
1394,deocder_8,elephant4.png,elephant,elephant
1395,deocder_8,elephant5.png,car,elephant
1396,deocder_8,elephant6.png,elephant,elephant
1397,deocder_8,elephant7.png,bear,elephant
1398,deocder_8,elephant8.png,bicycle,elephant
1399,deocder_8,elephant9.png,bear,elephant
1400,deocder_8,keyboard1.png,keyboard,keyboard
1401,deocder_8,keyboard10.png,knife,keyboard
1402,deocder_8,keyboard2.png,keyboard,keyboard
1403,deocder_8,keyboard3.png,keyboard,keyboard
1404,deocder_8,keyboard4.png,keyboard,keyboard
1405,deocder_8,keyboard5.png,keyboard,keyboard
1406,deocder_8,keyboard6.png,keyboard,keyboard
1407,deocder_8,keyboard7.png,keyboard,keyboard
1408,deocder_8,keyboard8.png,boat,keyboard
1409,deocder_8,keyboard9.png,keyboard,keyboard
1410,deocder_8,knife1.png,knife,knife
1411,deocder_8,knife10.png,knife,knife
1412,deocder_8,knife2.png,knife,knife
1413,deocder_8,knife3.png,knife,knife
1414,deocder_8,knife4.png,knife,knife
1415,deocder_8,knife5.png,airplane,knife
1416,deocder_8,knife6.png,knife,knife
1417,deocder_8,knife7.png,knife,knife
1418,deocder_8,knife8.png,knife,knife
1419,deocder_8,knife9.png,knife,knife
1420,deocder_8,oven1.png,oven,oven
1421,deocder_8,oven10.png,oven,oven
1422,deocder_8,oven2.png,oven,oven
1423,deocder_8,oven3.png,oven,oven
1424,deocder_8,oven4.png,chair,oven
1425,deocder_8,oven5.png,oven,oven
1426,deocder_8,oven6.png,cat,oven
1427,deocder_8,oven7.png,chair,oven
1428,deocder_8,oven8.png,oven,oven
1429,deocder_8,oven9.png,car,oven
1430,deocder_8,truck1.png,truck,truck
1431,deocder_8,truck10.png,elephant,truck
1432,deocder_8,truck2.png,truck,truck
1433,deocder_8,truck3.png,truck,truck
1434,deocder_8,truck4.png,cat,truck
1435,deocder_8,truck5.png,dog,truck
1436,deocder_8,truck6.png,car,truck
1437,deocder_8,truck7.png,truck,truck
1438,deocder_8,truck8.png,dog,truck
1439,deocder_8,truck9.png,truck,truck
1440,deocder_9,airplane1.png,bicycle,airplane
1441,deocder_9,airplane10.png,knife,airplane
1442,deocder_9,airplane2.png,knife,airplane
1443,deocder_9,airplane3.png,airplane,airplane
1444,deocder_9,airplane4.png,airplane,airplane
1445,deocder_9,airplane5.png,airplane,airplane
1446,deocder_9,airplane6.png,airplane,airplane
1447,deocder_9,airplane7.png,airplane,airplane
1448,deocder_9,airplane8.png,airplane,airplane
1449,deocder_9,airplane9.png,airplane,airplane
1450,deocder_9,bear1.png,bear,bear
1451,deocder_9,bear10.png,bicycle,bear
1452,deocder_9,bear2.png,bear,bear
1453,deocder_9,bear3.png,elephant,bear
1454,deocder_9,bear4.png,cat,bear
1455,deocder_9,bear5.png,dog,bear
1456,deocder_9,bear6.png,keyboard,bear
1457,deocder_9,bear7.png,elephant,bear
1458,deocder_9,bear8.png,dog,bear
1459,deocder_9,bear9.png,elephant,bear
1460,deocder_9,bicycle1.png,bicycle,bicycle
1461,deocder_9,bicycle10.png,bicycle,bicycle
1462,deocder_9,bicycle2.png,bicycle,bicycle
1463,deocder_9,bicycle3.png,bicycle,bicycle
1464,deocder_9,bicycle4.png,bicycle,bicycle
1465,deocder_9,bicycle5.png,bicycle,bicycle
1466,deocder_9,bicycle6.png,bicycle,bicycle
1467,deocder_9,bicycle7.png,bicycle,bicycle
1468,deocder_9,bicycle8.png,bicycle,bicycle
1469,deocder_9,bicycle9.png,bicycle,bicycle
1470,deocder_9,bird1.png,cat,bird
1471,deocder_9,bird10.png,dog,bird
1472,deocder_9,bird2.png,elephant,bird
1473,deocder_9,bird3.png,dog,bird
1474,deocder_9,bird4.png,cat,bird
1475,deocder_9,bird5.png,car,bird
1476,deocder_9,bird6.png,bear,bird
1477,deocder_9,bird7.png,clock,bird
1478,deocder_9,bird8.png,bird,bird
1479,deocder_9,bird9.png,bird,bird
1480,deocder_9,boat1.png,keyboard,boat
1481,deocder_9,boat10.png,car,boat
1482,deocder_9,boat2.png,boat,boat
1483,deocder_9,boat3.png,keyboard,boat
1484,deocder_9,boat4.png,boat,boat
1485,deocder_9,boat5.png,bicycle,boat
1486,deocder_9,boat6.png,boat,boat
1487,deocder_9,boat7.png,bottle,boat
1488,deocder_9,boat8.png,boat,boat
1489,deocder_9,boat9.png,truck,boat
1490,deocder_9,bottle1.png,bottle,bottle
1491,deocder_9,bottle10.png,bottle,bottle
1492,deocder_9,bottle2.png,bottle,bottle
1493,deocder_9,bottle3.png,bottle,bottle
1494,deocder_9,bottle4.png,boat,bottle
1495,deocder_9,bottle5.png,bicycle,bottle
1496,deocder_9,bottle6.png,airplane,bottle
1497,deocder_9,bottle7.png,bottle,bottle
1498,deocder_9,bottle8.png,bottle,bottle
1499,deocder_9,bottle9.png,bottle,bottle
1500,deocder_9,car1.png,car,car
1501,deocder_9,car10.png,bird,car
1502,deocder_9,car2.png,car,car
1503,deocder_9,car3.png,car,car
1504,deocder_9,car4.png,car,car
1505,deocder_9,car5.png,truck,car
1506,deocder_9,car6.png,oven,car
1507,deocder_9,car7.png,car,car
1508,deocder_9,car8.png,car,car
1509,deocder_9,car9.png,car,car
1510,deocder_9,cat1.png,bird,cat
1511,deocder_9,cat10.png,cat,cat
1512,deocder_9,cat2.png,cat,cat
1513,deocder_9,cat3.png,cat,cat
1514,deocder_9,cat4.png,cat,cat
1515,deocder_9,cat5.png,bear,cat
1516,deocder_9,cat6.png,cat,cat
1517,deocder_9,cat7.png,elephant,cat
1518,deocder_9,cat8.png,dog,cat
1519,deocder_9,cat9.png,cat,cat
1520,deocder_9,chair1.png,chair,chair
1521,deocder_9,chair10.png,chair,chair
1522,deocder_9,chair2.png,keyboard,chair
1523,deocder_9,chair3.png,chair,chair
1524,deocder_9,chair4.png,chair,chair
1525,deocder_9,chair5.png,chair,chair
1526,deocder_9,chair6.png,chair,chair
1527,deocder_9,chair7.png,oven,chair
1528,deocder_9,chair8.png,chair,chair
1529,deocder_9,chair9.png,bicycle,chair
1530,deocder_9,clock1.png,truck,clock
1531,deocder_9,clock10.png,dog,clock
1532,deocder_9,clock2.png,clock,clock
1533,deocder_9,clock3.png,clock,clock
1534,deocder_9,clock4.png,clock,clock
1535,deocder_9,clock5.png,clock,clock
1536,deocder_9,clock6.png,clock,clock
1537,deocder_9,clock7.png,oven,clock
1538,deocder_9,clock8.png,clock,clock
1539,deocder_9,clock9.png,clock,clock
1540,deocder_9,dog1.png,bear,dog
1541,deocder_9,dog10.png,dog,dog
1542,deocder_9,dog2.png,bear,dog
1543,deocder_9,dog3.png,dog,dog
1544,deocder_9,dog4.png,bird,dog
1545,deocder_9,dog5.png,dog,dog
1546,deocder_9,dog6.png,dog,dog
1547,deocder_9,dog7.png,bear,dog
1548,deocder_9,dog8.png,bear,dog
1549,deocder_9,dog9.png,bottle,dog
1550,deocder_9,elephant1.png,dog,elephant
1551,deocder_9,elephant10.png,car,elephant
1552,deocder_9,elephant2.png,bear,elephant
1553,deocder_9,elephant3.png,elephant,elephant
1554,deocder_9,elephant4.png,elephant,elephant
1555,deocder_9,elephant5.png,car,elephant
1556,deocder_9,elephant6.png,elephant,elephant
1557,deocder_9,elephant7.png,bear,elephant
1558,deocder_9,elephant8.png,bicycle,elephant
1559,deocder_9,elephant9.png,bear,elephant
1560,deocder_9,keyboard1.png,keyboard,keyboard
1561,deocder_9,keyboard10.png,knife,keyboard
1562,deocder_9,keyboard2.png,keyboard,keyboard
1563,deocder_9,keyboard3.png,keyboard,keyboard
1564,deocder_9,keyboard4.png,keyboard,keyboard
1565,deocder_9,keyboard5.png,keyboard,keyboard
1566,deocder_9,keyboard6.png,keyboard,keyboard
1567,deocder_9,keyboard7.png,keyboard,keyboard
1568,deocder_9,keyboard8.png,boat,keyboard
1569,deocder_9,keyboard9.png,keyboard,keyboard
1570,deocder_9,knife1.png,knife,knife
1571,deocder_9,knife10.png,knife,knife
1572,deocder_9,knife2.png,knife,knife
1573,deocder_9,knife3.png,knife,knife
1574,deocder_9,knife4.png,knife,knife
1575,deocder_9,knife5.png,knife,knife
1576,deocder_9,knife6.png,knife,knife
1577,deocder_9,knife7.png,knife,knife
1578,deocder_9,knife8.png,knife,knife
1579,deocder_9,knife9.png,knife,knife
1580,deocder_9,oven1.png,oven,oven
1581,deocder_9,oven10.png,oven,oven
1582,deocder_9,oven2.png,oven,oven
1583,deocder_9,oven3.png,oven,oven
1584,deocder_9,oven4.png,chair,oven
1585,deocder_9,oven5.png,boat,oven
1586,deocder_9,oven6.png,cat,oven
1587,deocder_9,oven7.png,chair,oven
1588,deocder_9,oven8.png,oven,oven
1589,deocder_9,oven9.png,cat,oven
1590,deocder_9,truck1.png,truck,truck
1591,deocder_9,truck10.png,car,truck
1592,deocder_9,truck2.png,truck,truck
1593,deocder_9,truck3.png,truck,truck
1594,deocder_9,truck4.png,car,truck
1595,deocder_9,truck5.png,dog,truck
1596,deocder_9,truck6.png,car,truck
1597,deocder_9,truck7.png,clock,truck
1598,deocder_9,truck8.png,dog,truck
1599,deocder_9,truck9.png,truck,truck
